look,смотреть
pick,выбирать
pie,пирог
window,окно
balance,баланс
bacon,бекон
litre,литр
fourteen,четырнадцать
rid,избавлять
somebody,кто-то
news,новость
brave,храбрый
blue,синий
bring,приносить
handsome,красивый
return,вернуть
exercise,упражнение
gap,пробел
metre,метр
against,против
defense,защита
heart,сердце
child,ребенок
storm,буря
deep,глубокий
royal,королевский
case,дело
unbelievable,невероятный
guilty,виновный
forth,далее
pan,кастрюля
noun,существительное
funny,смешной
planning,планирование
such,подобный
half,половина
prince,царевич
park,парк
ability,способность
wish,желание
anytime,в любое время
difficult,трудный
eighteen,восемнадцать
read,читать
pigeon,голубь
husband,муж
flight,полет
point,точка
yours,твой
interview,интервью
record,запись
wing,крыло
tomorrow,завтра
soul,душа
perform,выполнять
made,сделанный
porridge,овсяная каша
almost,почти
fantastic,фантастический
honestly,честно
later,позже
moment,момент
football,футбол
lord,Господь
tradition,традиция
trust,доверие
joke,шутка
everyday,повседневный
morning,утро
raspberry,малина
stupid,глупый
launch,запуск
remind,напоминать
meet,встречать
sleep,сон
sexy,чувственный
join,присоединиться
towel,полотенце
service,обслуживание
village,деревня
okay,окей
run,бежать
pay,платить
tip,кончик
anyway,в любом случае
young,юный
explanation,объяснение
key,ключ
earn,зарабатывать
main,главный
magic,магия
journey,путешествие
autumn,осень
move,двигаться
answer,ответ
affair,дело
phone,телефон
men,мужчины
style,стиль
captain,капитан
habit,привычка
many,много
uncle,дядя
supply,поставка
aggravation,ухудшение
anyone,никто
four,четыре
depend,зависеть
reason,причина
sonny,сынок
assistant,помощник
card,карта
event,событие
map,карта
helpful,полезный
Archaic,архаичный
person,человек
office,офис
jury,присяжные
single,одиночный
lost,потерянный
lucky,удачливый
stronger,более сильный
crime,преступление
basket,корзина
march,март
lavatory,туалет
useless,бесполезный
pertinent,уместный
bye,пока
cool,крутой
national,национальный
doubt,сомнение
attractive,привлекательный
bee,пчела
yard,двор
next,следующий
pure,чистый
as,как
western,западный
beg,умолять
angry,сердитый
hope,надеяться
exciting,захватывающий
lunch,обед
argue,спорить
a,ля
yellow,желтый
three,три
nail,ноготь
at,на
whatsoever,любой
someday,наступить
instead,вместо
name,имя
covered,покрытый
eight,восемь
Sunday,воскресенье
above,выше
wage,заработная плата
found,найдено
bank,банк
whereas,поскольку
grade,класс
buddy,дружище
square,площадь
same,одинаковый
familiar,знакомый
thousand,тысяча
whip,кнут
addition,дополнение
wake,просыпаться
base,база
wooden,деревянный
hello,привет
cheese,сыр
write,писать
cleaning,уборка
happy,счастливый
bomb,бомба
music,музыка
settled,установившийся
among,среди
wander,бродить
bear,медведь
wool,шерсть
which,который
roof,крыша
early,ранний
shift,сдвиг
pretty,хорошенький
tough,жесткий
package,пакет
amount,сумма
ward,палата
reality,реальность
belong,принадлежать
workshop,мастерская
room,комната
pizza,пицца
angel,ангел
plate,тарелка
girl,девочка
tape,лента
laid,проложенный
angle,угол
wardrobe,гардероб
attitude,отношение
block,блок
kilometre,километр
money,деньги
powerful,мощный
nick,ник
trapped,захваченный
sir,сэр
count,считать
disease,болезнь
animal,животное
weakness,слабость
advantage,преимущество
largely,в основном
left,левый
fake,подделка
ran,побежал
male,мужчина
chat,болтать
show,показывать
college,колледж
bust,бюст
appear,появиться
wealth,богатство
grandfather,дедушка
lunchtime,обеденное время
tonight,сегодняшний вечер
opening,открытие
war,война
tour,тур
signal,сигнал
already,уже
boyfriend,бойфренд
staircase,лестница
apple,яблоко
web,сеть
sold,распроданный
link,ссылка
real,реальный
sally,Салли
forgive,прощать
charming,очаровательный
cup,чашка
may,мочь
alarm,тревога
art,искусство
website,вебсайт
grandma,бабуля
follow,следовать
son,сын
eventually,в итоге
jail,тюрьма
dawn,рассвет
opportunity,возможность
object,объект
speech,речь
white,белый
grateful,благодарный
frank,Фрэнк
fellow,товарищ
sooner,рано
massive,массивный
Chinese,китайский
king,король
objection,возражение
issue,вопрос
fast,быстрый
usual,обычный
sent,отправленный
apology,извинение
plenty,множество
narrow,узкий
campaign,кампания
impossible,невозможный
obligation,обязательство
final,окончательный
word,слово
burn,жечь
city,город
anger,гнев
extra,дополнительный
native,родной
book,книга
observation,наблюдение
result,результат
food,еда
fabulous,потрясающий
address,адрес
dream,мечта
honeymoon,медовый месяц
attack,атака
naughty,непослушный
machine,машина
observe,наблюдать
code,код
none,никто
vision,видение
within,внутри
protect,защищать
wet,мокрый
ground,земля
nearby,поблизости
waste,отходы
obtain,получать
research,исследование
drive,водить
member,участник
twenty,двадцать
bail,залог
whose,чья
neighbour,сосед
simply,просто
pretend,притворяться
occasion,случай
nowhere,нигде
work,работа
battle,битва
class,класс
parking,парковка
weekend,выходные
net,сеть
skin,кожа
danger,опасность
occupy,занимать
escape,побег
marry,жениться
term,срок
surprise,сюрприз
hung,подвешенный
matter,вопрос
network,сеть
often,часто
occur,происходить
biggest,наибольший
light,свет
devil,дьявол
turn,очередь
forever,навсегда
protection,защита
wrote,написал
nicely,мило
fifteen,пятнадцать
ocean,океан
restaurant,ресторан
test,тест
what,что
keep,держать
poor,бедный
manager,менеджер
type,тип
no way,не получится
spirit,дух
o’clock,часов
page,страница
drop,капля
meal,еда
beer,пиво
usually,обычно
home,домашний
furniture,мебель
princess,княгиня
big,большой
accurate,точный
obvious,очевидный
least,наименьший
serious,серьезный
weak,слабый
bother,беспокоить
party,вечеринка
official,официальный
boss,босс
after,после
blanket,одеяло
silly,глупый
sometimes,иногда
lot,много
loving,любящий
town,город
shit,дрянь
license,лицензия
island,остров
gum,жвачка
sit,сидеть
regular,регулярный
rule,правило
last,последний
surface,поверхность
teach,учить
them,их
kind,добрый
positive,положительный
year,год
behind,позади
nothing,ничего
seriously,серьезно
replace,заменять
open,открывать
valley,долина
summer,лето
these,эти
niece,племянница
plus,плюс
bed,кровать
wrong,неправильный
nut,орех
make,делать
inside,внутри
community,сообщество
cell,ячейка
emotion,эмоция
afraid,испуганный
thirty,тридцать
put,класть
gloves,перчатки
trial,пробный
also,тоже
nearly,приблизительно
price,цена
mean,означать
high,высокий
trash,мусор
lead,вести
night,ночь
stubborn,упрямый
between,между
risk,рисковать
around,вокруг
soap,мыло
roll,рулон
date,дата
shake,трясти
goodbye,до свидания
play,играть
ahead,впереди
slip,скользить
broken,сломанный
than,чем
provide,обеспечивать
letting,сдача в аренду
stop,остановить
signature,подпись
radio,радио
check,проверять
line,линия
wherever,где бы
hate,ненавидеть
wonderful,прекрасный
awake,проснуться
advice,консультация
away,прочь
beef,говядина
witness,свидетель
officer,чиновник
long,длинный
zoo,зоопарк
dirty,грязный
end,конец
lose,терять
medicine,препарат
ago,назад
fight,битва
friendship,дружба
somehow,как-то
first,первый
nephew,племянник
dare,осмеливаться
support,поддержка
always,всегда
cope,справляться
choose,выбирать
late,поздний
fire,огонь
lousy,никудышный
beautiful,красивый
past,прошлое
stomach,желудок
push,толкать
believe,верить
victory,победа
hardly,едва
listen,слушать
compound,соединение
emergency,чрезвычайная ситуация
anymore,больше
free,свободный
circumstance,условие
promise,обещать
fact,факт
cut,резать
weapon,оружие
concern,беспокойство
fine,штраф
title,заглавие
darkness,тьма
skilful,умелое
conformity,соответствие
motorway,автомагистрали
tired,уставший
personnel,персонала
merely,просто
foundation,фонд
entire,весь
superior,улучшенный
chips,фишки
suppose,предположим
confident,уверенный
intelligent,умный
infant,младенец
blame,виноват
trend,тренд
apartment,квартира
newspaper,газета
concert,концерт
provision,положение
tramp,бродяга
button,кнопка
remark,замечание
charity,благотворительность
accident,Несчастный случай
commission,комиссия
smart,умный
lip,губы
feeling,чувство
detect,обнаружить
sack,мешок
become,стать
novel,Роман
pregnant,беременных
legally,юридически
organization,организация
flip,флип
formal,официальное
factory,фабрика
drawer,ящик
vehicle,автомобиль
dialect,диалект
lower,ниже
championship,чемпионат
ray,Рэй
noisy,шумно
angry,злой
wolf,волк
buddy,дружище
quote,цитата
basis,основе
cage,клетка
nick,ник
nus,НУК
awkward,неловко
normally,обычно
leading,ведущий
lunch,обед
breakdown,срыв
qualified,квалифицированные
wives,жен
tough,жесткая
tape,лента
pour,залить
college,колледж
motel,мотель
proud,горжусь
tune,мелодия
birthday,день рождения
menu,меню
overall,в целом
incurable,неизлечимых
popcorn,попкорн
nanny,няня
pops,соз
mobipocket,mobipocket
prayer,молитва
coal,уголь
decision,решение
lecture,лекция
explode,взрываются
determination,определение
herself,сама
complex,комплекс
signing,подписание
cruel,жестокий
diner,столовая
cute,милые
pond,пруд
alien,инопланетянин
Jesus,Иисус
hood,капот
routine,рутина
holder,держатель
fuel,топливо
eve,Ева
deposit,депозит
parade,парад
media,СМИ
catalogue,каталог
neither,ни
causless,causless
respect,уважение
punch,удар кулаком
frozen,замороженные
election,выборы
hid,спрятал
pipe,трубы
freeway,шоссе
gift,подарок
flu,грипп
driven,управляемый
sunshine,солнце
aunt,тетя
departure,отъезд
lawyer,адвокат
bound,связаны
relation,отношения
improvement,улучшение
officially,официально
put,положить
motorcycle,мотоцикл
everything,все
handbag,сумочка
boil,кипятить
private,частная
memorial,мемориал
drill,сверла
smooth,гладкая
sake,ради
mommy,мама
liver,печень
worst,хуже
impact,влияние
clay,глина
intelligence,интеллект
genetic,генетические
active,активный
committee,комитет
yesterday,вчера
straw,соломы
lately,в последнее время
offense,преступление
lovely,прекрасный
security,безопасности
report,отчет
fully,полностью
disturb,беспокоить
bag,сумка
bare,голые
inner,внутренний
hip,бедра
relate,касаются
previously,ранее
park,парк
cheat,чит
lord,господа
slightly,немного
romance,романтика
medication,лекарства
hockey,хоккей
guitar,гитара
poster,плакат
fiancée,невеста
guilty,виновным
generally,вообще
soul,душа
tension,напряжение
sixty,шестидесяти
spoil,портить
actor,актер
host,хозяин
classic,классический
bother,заморачиваться
baker,Бейкер
seriously,серьезно
Jewish,Еврейские
elderly,стариков
broken,сломанный
advice,советы
somehow,как-то
tattoo,татуировки
violence,насилие
usually,обычно
boss,босс
transplant,пересадка
mid,середина
bored,скучный
risk,риск
letting,сдача
chill,холодок
bargain,торг
grave,могила
wheelchair,коляска
apologise,извиняюсь
focused,сфокусированный
wreck,развалина
pierce,Пирс
puppy,щенок
glance,взгляд
traffic,трафик
horror,ужас
response,ответ
hide,скрыть
nuclear,ядерный
hesitate,стесняйтесь
lounge,гостиная
breakfast,завтрак
horrible,ужасно
oven,духовка
clown,клоун
sink,раковина
driving,вождение
damaged,поврежден
seventh,седьмой
quit,бросить
dying,умирает
illness,болезни
mayor,мэр
gay,гей
anyhow,абы
presentation,презентация
motive,мотив
dependent,зависимые
depth,глубина
goods,товары
sample,образец
ace,туз
convenient,удобно
perspective,перспективы
printer,принтер
distrustul,distrustul
adult,взрослый
developed,развитая
Japanese,Японский
jersey,Джерси
nowadays,сегодня
testimony,показания
hearing,слух
drugged,опоили
counsel,адвокат
various,различные
crossing,пересечение
frequently,часто
impress,впечатление
cloth,ткань
selection,выбор
gang,банда
foul,правила
spoiled,разбаловали
strictly,строго
fifty,пятидесяти
vulnerable,уязвимых
dressing,выделка
reading,чтение
directly,напрямую
scar,шрам
suddenly,вдруг
agent,агент
bunch,куча
destroy,уничтожить
massage,массаж
fouls,напакостит
fund,фонд
peace,мир
demon,демон
dangerous,опасно
gene,гена
poker,покер
protest,протест
knock,стук
dealt,рассматриваются
cash,наличными
unknown,неизвестно
flew,летал
definitely,наверняка
bulldog,бульдог
amusing,занятно
agenda,повестка дня
mpgs,мпгс
estate,имущества
extra,дополнительные
attack,атака
absurd,абсурд
survey,опрос
weekend,выходные
function,функция
mcknight,Макнайт
oath,присягу
adventure,приключения
mud,грязи
impossible,невозможно
ski,лыжи
closest,ближайший
waste,отходов
pretend,притворяться
heavily,сильно
visible,видно
pollution,загрязнения
proof,доказательство
pathetic,жалко
pity,жаль
perfectly,отлично
dive,погружение
grandson,внук
below,ниже
easier,легче
exam,экзамен
terror,террор
dust,пыль
charm,очарование
notion,понятие
recovery,восстановление
whenever,"всякий раз, когда"
closely,тесно
priority,приоритет
although,хотя
cozy,уютная
clerk,делопроизводитель
majesty,Величество
museum,музей
withdraw,снять
trunk,багажник
guy,парень
otherwise,в противном случае
excited,в восторге
mail,почта
recent,последние
stole,украл
fragile,хрупкая
excellent,отличное
soda,сода
shove,переться
bureau,бюро
click,нажмите
emerge,возникают
blonde,блондинка
mental,психическое
grocery,продуктовый
donor,доноров
environment,среды
recall,напомним
output,выход
cabinet,кабинет
tub,ванна
thief,вор
abroad,за рубежом
bus,автобус
computer,компьютер
racing,гонки
sin,грех
fraud,мошенничество
sandy,Сэнди
accompany,сопровождать
,
hero,герой
adequate,адекватные
feedback,отзывы
urban,городской
luckily,к счастью
Saturday,суббота
peak,пик
cheating,обман
reject,отклонить
grandmother,бабушка
psychology,психология
escort,эскорт
lesson,урок
raw,сырье
garbage,мусора
vital,жизненно
sacred,святое
employee,сотрудник
restrict,ограничить
loop,петли
foreign,иностранных
restrain,сдерживать
rapidly,быстро
chain,цепи
monkey,обезьяна
brandy,коньяк
chat,чат
international,международная
civil,гражданское
bee,пчелка
comic,комикс
furious,Форсаж
addition,дополнение
tricky,сложно
amount,сумма
angle,угол
expose,разоблачить
income,доход
mania,мания
extraordinary,чрезвычайный
unemployed,безработных
safely,безопасно
rehabilitation,реабилитация
robbery,ограбление
inappropriate,неуместно
spike,Спайк
eternity,вечность
aboard,на борту
possess,обладают
infotrac,infotrac
overcome,преодолеть
prompt,подскажите
centre,центр
precise,точное
realistic,реалистичные
resort,курорт
reserve,резерв
calculate,расчет
principal,основные
auction,аукцион
compere,конферансье
hence,отсюда
contrary,наоборот
naive,наивный
define,определить
core,основной
filling,заполнение
hallway,коридор
pint,поллитра
leery,Лири
wicked,злой
setup,установки
questioning,допрос
detail,подробно
expense,счет
heal,лечить
temper,закал
incredible,невероятные
ourselves,сами
oldest,старый
wrestling,борьба
sickness,болезни
promote,содействие
relieve,снять
entitled,право
England,Англия
advance,заранее
cheek,щека
cookie,печенье
fortnight,полмесяца
chin,подбородок
freezer,морозильник
politics,политика
innovation,инновации
tips,советы
briefcase,портфель
garrison,Гаррисон
proportion,доля
reservation,бронирование
graduate,выпускник
pumpkin,Тыква
succeed,получится
efficiency,эффективность
barb,Барб
gesture,жест
percentage,процент
honoured,заслуженный
brick,кирпич
publication,публикации
landing,посадка
moron,дебил
independence,независимость
increase,увеличение
respond,ответить
information,информация
compromise,компромисс
beacon,Маяк
,
,
itself,сама
discussion,обсуждение
porch,крыльцо
vicious,порочный
daft,Дафт
insanity,маразм
bloke,хмырь
sealed,запечатанный
impressive,впечатляет
loft,лофт
polite,вежливые
cap,крышка
limitation,ограничение
blackmail,шантаж
miller,Миллер
depressed,депрессия
attic,чердак
authority,власти
pan,Пан
doomed,обречены
historian,историк
executed,выполнен
ancient,древние
autumn,осень
resist,сопротивляться
Archaic,Архаика
appreciate,ценю
rid,избавиться
stable,стабильный
planning,планирование
coach,тренер
honestly,честно
remind,напомнить
shy,застенчивый
dare,смею
hardly,вряд ли
union,Союз
princess,принцесса
unhappy,недовольны
desire,желание
underwear,нижнее белье
trial,суд
organic,органические
formation,формирование
Wednesday,среда
bait,приманки
mortal,смертный
credit,кредит
obvious,очевидно
channel,канал
positive,положительные
nut,гайка
customer,клиент
goodbye,до свидания
bug,ошибка
mood,настроение
outcome,результат
meanwhile,тем временем
crying,плачет
trick,трюк
conscience,совесть
emphasis,акцент
dressed,одет
poison,яд
originally,первоначально
medical,медицинские
something,что-то
nurse,медсестра
recover,восстановить
gross,брутто
mister,господин
sheriff,шериф
brains,мозги
barn,сарай
lock,замок
wine,вино
writing,пишу
jockey,жокей
assume,предположим
asleep,спит
fox,лиса
trigger,триггер
bedroom,спальня
frame,рамка
intention,намерение
derive,вывести
forty,сорок
bigger,больше
nope,Неа
breath,дыхание
pants,брюки
freak,уродец
French,Французский
disappoint,разочарую
folks,люди
goose,гусь
till,пока
paradise,рай
harbour,гавань
quarter,четверть
awfully,ужасно
walker,ходок
websearch,вы
whistle,свисток
rap,реп
slap,шлепок
shirt,рубашка
deliberately,сознательно
drawn,нарисованные
government,правительство
responsible,ответственность
snap,оснастки
series,серия
feature,характеристика
insane,безумие
hall,зал
aware,известно
pack,пакет
minor,незначительные
tight,туго
import,импорт
glow,свечение
armed,вооруженные
hollow,полые
privilege,привилегия
awhile,некоторое время
surgery,хирургия
castle,замок
beyond,дальше
opinion,отзыв
education,образование
household,бытовых
troubles,проблемы
attempt,попытка
health,здоровья
background,фон
cousin,двоюродный брат
twelve,двенадцать
simply,просто
vault,хранилище
upsetting,осаживать
goodnight,Спокойной ночи
spirit,дух
sweetheart,милая
defend,защищать
excitement,волнение
resource,ресурс
code,код
research,исследования
wore,носил
vow,обет
violent,жестокие
restaurant,ресторан
adorable,очаровательны
grateful,благодарен
brief,краткая
dignity,достоинства
address,адрес
surrender,сдаться
application,приложение
expert,эксперт
roast,жаркое
film,фильм
regret,жалею
goodness,добро
heaven,небо
responsibility,ответственность
suspect,подозреваю
helicopter,вертолет
fog,туман
bush,Буш
mature,зрелые
chairman,председатель
following,следующим
edd,Эдд
ruined,угробили
split,сплит
pet,ПЭТ
bite,укус
suite,люкс
agency,агентство
exhaust,выхлоп
project,проект
commercial,коммерческие
invitation,приглашение
parole,УДО
torn,Торн
British,Британский
quickly,быстро
option,вариант
gig,гиг
boxing,бокс
vote,голосование
rehearsal,репетиция
passion,страсть
Friday,пятница
genuine,подлинный
upon,по
fought,воевал
skull,череп
gain,получить
connection,подключение
happiness,счастье
alley,аллея
personally,лично
reckon,думаю
squeeze,выжать
fever,лихорадка
October,Октября
holy,святой
staff,персонал
collar,воротник
drama,драма
entering,ввод
spray,спрей
edition,издание
army,армия
warning,предупреждение
boom,бум
carrying,проведение
flying,полет
pen,ручка
mixed,смешанные
ugly,некрасиво
presence,присутствие
monster,монстр
starve,подохнут
painful,больно
belt,пояс
entertainment,развлечения
account,счета
magical,волшебный
golden,золотой
deeply,глубоко
rage,ярость
mosques,мечети
custody,содержания под стражей
strongly,сильно
thirteen,тринадцать
toast,тост
specifically,конкретно
however,однако
annulment,аннулирование
divorced,развелось
fascinating,увлекательный
backup,резервное копирование
grandfather,дед
sold,продается
grandma,бабуля
beg,прошу
bull,бык
grade,класс
creature,существо
roof,крыши
pizza,пицца
powerful,мощный
fake,фейк
paperwork,документы
sally,Салли
site,сайт
exciting,захватывающие
covered,крытая
academic,академическая
bomb,бомба
wrap,обертывание
unfair,несправедливо
achieve,достижения
commit,совершать
unusual,необычные
adjust,отрегулировать
coward,трус
practically,практически
embarrass,смущать
pride,гордость
laundry,прачечная
appointment,назначение
social,социальные
lawsuit,иск
difficult,сложно
threat,угроза
loyalty,лояльность
twisted,витой
liberty,свободы
advise,советую
jacket,куртка
tank,танк
hidden,скрытые
loser,лузер
invite,приглашаем
merry,веселенький
casino,казино
precious,драгоценные
literally,буквально
clue,подсказка
creep,ползучесть
professor,профессор
female,женщина
couch,диване
strength,сила
loss,потери
formally,формально
messenger,посланник
elsewhere,в другом месте
shock,шок
rat,крыса
greatest,наибольшее
confidence,уверенность
fighter,боец
soulful,душевный
bowling,боулинг
crash,аварии
recognize,признать
healthy,здоровый
realm,область
swap,своп
engage,заниматься
designer,дизайнер
digging,рытье
apply,применить
aisle,проход
threaten,угрожать
fan,вентилятор
honorary,почетный
hire,прокат
brand,бренд
Spanish,Испанский
pardon,простите
built,построен
closet,гардероб
candy,конфеты
warn,предупредить
eager,рвется
anxious,тревожно
piano,фортепиано
dump,свалка
benefit,благо
granted,предоставлено
despite,несмотря на
revenge,месть
fries,фри
program,программа
became,стал
spare,запасные
pray,молиться
aside,в сторону
prime,премьер
sometime,иногда
bow,лук
vice,заместитель
launch,запуск
standard,стандарт
affair,дело
candidate,кандидат
jury,жюри
fantastic,фантастический
permanent,постоянный
toss,тосс
relief,облегчение
interview,интервью
blast,взрыв
sexy,сексуальный
explanation,объяснение
secure,безопасной
assistant,помощник
former,бывший
pie,пирог
suicide,самоубийство
unbelievable,невероятно
anytime,в любое время
nearly,почти
kit,комплект
wherever,где
medicine,медицина
burger,бургер
circumstance,обстоятельством
badge,бейдж
weak,слабый
wrapped,завернутый
bunny,зайчик
community,сообщество
strategy,стратегии
topic,тема
awake,проснулся
friendship,дружба
torture,пытки
loyal,верный
mystery,тайна
official,официальный
envelope,конверт
amazing,удивительные
contract,договор
carter,Картер
struck,поразило
basically,в основном
switch,переключатель
frankly,честно говоря
random,случайный
essay,эссе
deny,отрицать
painting,живопись
restore,восстановление
twin,две
tear,слеза
dig,копать
bullet,пуля
sweat,пот
brave,храбрый
tore,сорвал
understanding,понимание
occasionally,иногда
lonely,одиноко
recommend,рекомендую
avoid,избежать
grief,горе
storage,хранение
jeans,джинсы
stranger,незнакомец
landfills,свалки
device,устройство
chosen,выбрали
granddaughter,внучка
fortune,удачи
strike,удар
identity,личность
fancy,фантазии
secretary,секретарь
career,карьера
German,Немецкий
stock,акции
fashion,мода
fed,ФРС
timing,сроки
guarantee,гарантия
costume,костюм
bridge,мост
roo,РОО
particularly,особенно
theory,теория
spa,спа
forgiven,простить
swimming,плавание
lobby,вестибюль
clothing,одежда
heading,заголовок
surely,конечно
audition,прослушивание
wise,мудрый
poetry,поэзия
toy,игрушка
committed,совершенные
freeze,заморозить
greater,больше
version,версия
radical,радикальные
calendar,календарь
slight,небольшое
local,местные
ceremony,церемония
storm,шторм
proposal,предложение
bike,велосипед
scenario,сценарий
mostly,в основном
stress,стресс
tag,тег
assure,уверяю
faster,быстрее
borrow,взять
release,релиз
ate,ели
harsh,суровый
steady,устойчивый
delicious,вкусные
negative,негативные
fabulous,сказочные
wipe,протрите
finest,лучшие
crawl,ползать
widely,широко
propose,предлагаю
holding,холдинг
meal,питание
fellow,товарищи
fishing,рыбная ловля
gear,шестерни
honeymoon,медовый месяц
wet,мокрый
opera,опера
sacrifice,жертва
spit,начхать
protection,защита
manager,менеджер
image,изображения
Chinese,Китайский
hook,крюк
scaring,пугать
sensitive,чувствительный
photo,фото
ankles,лодыжки
prince,принц
collection,коллекция
dorsey,Дорси
pocket,карман
bleeding,кровотечение
odds,шансы
ignore,игнорировать
boring,скучно
talent,талант
waitress,официантка
subtle,тонкие
purely,чисто
training,обучение
average,средняя
blink,Блинк
cheap,дешевые
radar,радар
tierra,Тьерра
inspector,инспектор
crocodile,крокодил
bang,Банг
clever,умный
accommodation,проживание
cast,литые
cancer,рак
fond,фонд
noble,благородный
fate,судьба
bury,хоронить
hug,Хуг
halfway,на полпути
driver,водитель
concentrate,концентрат
throat,горло
prom,пром
buyer,покупатель
intend,собираюсь
sneak,ябеда
palmos,палмос
midnight,полночь
manage,управление
location,расположение
terms,условия
smiling,улыбается
harm,вред
approach,подход
moral,моральный
conference,конференция
user,пользователь
deputy,заместитель
basement,подвал
festival,фестиваль
purse,портмоне
glasses,очки
Italian,Итальянский
universe,Вселенная
lifetime,всю жизнь
associate,связать
mirror,зеркало
wound,раны
psychic,экстрасенс
permission,разрешение
tense,напряженная
engagement,участие
mighty,могучий
hopefully,надеюсь
golf,гольф
skip,пропустить
annoying,раздражает
sue,Сью
highly,высоко
adapt,адаптировать
awesome,удивительный
genius,гений
policy,политика
entirely,полностью
nasty,противно
expensive,дорогие
wishes,пожелания
football,футбол
virtue,добродетель
cleaning,чистка
dawn,рассвет
adopt,принять
percent,процентов
male,мужчина
tour,тур
carefully,тщательно
attractive,привлекательная
argue,спорить
Sunday,воскресенье
aggressive,агрессивный
settled,поселились
handling,обработка
laid,заложен
hers,ее
meantime,временем
staircase,лестница
alarm,сигнализация
financial,финансовые
mob,толпа
nerve,нерв
incredibly,невероятно
coincidence,совпадение
temporary,временное
dirt,грязь
bond,Бонд
confess,признаться
lap,круг
tragedy,трагедия
pilot,пилот
easily,легко
damn,блин
shown,показано
eventually,в конце концов
deliver,доставку
differently,иначе
federal,федеральный
nonsense,бред
firm,фирма
trap,ловушка
inevitably,неизбежно
insurance,страхование
campaign,кампании
snake,змея
introduce,ввести
rescue,спасение
confession,исповедь
courage,мужество
anti,анти
proceed,продолжить
fantasy,фантазия
reputation,репутация
desperately,отчаянно
criminal,уголовное
inn,маленькая гостиница
Europe,Европа
suffer,страдать
chase,Чейз
extremely,чрезвычайно
yell,орать
creepy,жутковато
underground,метро
breastfeeding,грудное вскармливание
potion,зелье
pine,сосна
flag,флаг
thanksgiving,День благодарения
gentleman,джентльмен
toilet,туалет
agreement,соглашение
incident,инцидент
destiny,судьба
hop,хоп
popular,популярные
clinic,клиника
exchange,обмен
priest,священник
load,нагрузки
independent,независимые
individual,индивидуальный
scream,умора
extreme,экстрим
shared,общая
socket,гнездо
lit,горит
reasonable,разумные
drove,поехал
warehouse,склад
loan,кредит
dozen,десяток
employer,работодателем
silence,тишина
status,статус
seventy,семьдесят
butter,масло
carrot,Морковь
growing,растет
mum,мама
audience,аудитория
nap,сон
junior,младший
ego,эго
ninety,девяносто
disk,диск
honesty,честность
license,лицензия
investment,инвестиции
tradition,традиции
thee,тебе
earn,заработать
role,роль
physics,физика
basket,корзина
balance,баланс
circus,цирк
forth,далее
compliment,комплимент
perform,проанализировать
beans,фасоль
coke,Кокс
announce,объявить
balcony,балкон
helpful,полезная
useless,бесполезно
visiting,посещение
gum,ГУМ
replace,заменить
emotion,эмоции
prisoner,заключенный
collapse,крах
beef,говядина
sport,спорт
habit,привычка
bless,благослови
furniture,мебель
potatoes,картофель
mobile phone,мобильный телефон
victim,жертва
curso,курс
soap,мыло
trace,след
frog,лягушка
guts,кишки
compound,соединение
pure,чисто
privacy,конфиденциальности
kindness,доброта
bake,выпекать
available,доступен
television,телевизор
stroke,инсульт
behave,вести себя
beside,рядом
saint,Санкт
recently,недавно
mate,дружище
bonus,бонус
brush,щетка
counting,подсчет
candle,свеча
counter,счетчик
carpet,ковер
rob,Роб
league,лига
certificate,сертификат
possibility,возможность
university,университет
shrink,термоусадочная
goal,цель
cigarette,сигареты
cinema,кино
award,награда
title,название
remain,остаются
solid,твердые
sixteen,шестнадцать
delay,задержка
diary,дневник
fright,перепугу
eastern,Восточной
attract,привлечь
colour,цвет
employ,использовать
pit,яма
trash,мусор
distance,расстояние
joining,присоединение
formula,формула
strip,полосы
profile,профиль
nail,лак для ногтей
fulfil,выполнять
flirting,заигрывание
deaf,глухой
fee,плата
punishment,наказание
winner,победитель
curse,проклятие
refuse,отказать
kettle,чайник
keyboard,клавиатура
knee,колено
worries,забот
laboratory,лаборатория
labour,труда
lack,отсутствие
ladder,лестница
lamb,баранина
minister,министр
landlord,хозяин
lazy,ленивый
November,Ноября
abandon,отказаться от
connected,подключен
holiday,праздник
schedule,расписание
spy,шпион
leisure,отдых
suspicious,подозрительно
effort,усилия
failure,провал
cable,кабель
mainly,в основном
statue,статуя
maintenance,ремонт
empire,империя
mall,торговый центр
manner,образом
chip,чип
pot,горшок
massive,массивные
narrow,узкие
eighteen,восемнадцать
illegal,незаконные
eaten,едят
delivery,доставка
net,чистая
demand,спрос
nicely,красиво
misery,убожество
stink,вонь
objection,возражение
obligation,обязательство
observation,наблюдение
opposition,оппозиция
plea,заявление
occasion,случай
owner,владелец
chamber,камеры
reader,читатель
marysville,мэрисвилль
finance,финансы
appropriate,уместно
oppose,против
capable,способен
attached,прилагается
impression,впечатление
pale,бледный
guilt,чувство вины
squad,отряд
parliament,парламент
participate,участие
fifth,пятый
passenger,пассажир
patience,терпение
fuss,возня
readily,легко
flash,вспышки
typical,типичный
studio,студия
math,математика
cure,лечение
overtime,овертайм
railway,железнодорожный
suspicion,подозрение
rapid,быстрое
rare,редкая
influence,влияние
network,сеть
receipt,получение
insult,оскорбление
route,маршрут
religion,религия
basketball,баскетбол
chocolate,шоколад
reception,прием
madam,мадам
hearty,сытно
blanket,одеяло
kidney,почки
everyday,каждый день
sauce,соус
sausage,колбасит
ceiling,потолок
chose,выбрал
forgotten,забыли
whip,хлыст
script,сценарий
elephant,слон
management,управление
statement,заявление
worthless,негоже
determined,определены
burden,бремя
necessarily,обязательно
sensible,разумный
attend,участие
insist,настаивать
September,Сентября
session,сессии
settlement,поселение
severe,тяжелые
stomach,желудок
likely,скорее всего
numerous,многочисленные
interrupt,прерывание
virgin,Девы
mysterious,таинственный
dessert,десерт
tax,налог
taxi,такси
overnight,ночь
telly,телек
surgeon,хирург
matt,Мэтт
bizarre,странно
zone,зоны
undertake,провести
hint,подсказка
unlike,в отличие от
orange,"Оранжевый, Апельсин"
twins,Близнецы
challenge,вызов
vast,огромное
convicted,осужден
dancer,танцор
rug,ковер
transfer,перевод
wake,разбудить
tea,чай
leader,лидер
zero,ноль
comfort,комфорт
downtown,центр города
bay,залив
website,сайт
western,западные
whatsoever,вообще
familiar,знакомы
niece,племянница
council,совет
workshop,мастерская
kilometre,километр
comparable,сравним
penny,копейки
link,ссылка
production,производство
pro,про
debt,долг
tongue,язык
funeral,похороны
crush,давка
movement,движение
mouse,мышь
imply,подразумевает
creative,творческий
absorb,поглощать
dish,блюдо
programme,программы
giant,гигант
Monday,понедельник
imagination,воображение
prefer,предпочитаю
affect,влияет
kidnapping,похищение
praise,хвала
vision,видение
pleasant,приятным
frequent,частые
fairy,фея
literature,литература
phase,фаза
cooper,Бондарь
bout,запой
worrying,волноваться
covering,покрытие
progress,прогресс
Tuesday,вторник
slide,слайд
freezing,замораживание
regular,регулярные
achievement,достижение
fortunate,повезло
china,Китай
filthy,поганые
deck,палуба
cheer,ура
package,пакет
smoking,курение
leadership,руководство
spoon,ложка
con,кон
administration,администрация
strict,строгий
gloves,перчатки
freedom,свобода
pool,бассейн
supper,ужин
mistaken,ошибаются
technology,технология
text,текст
agriculture,сельское хозяйство
no way,ни за что
seventeen,семнадцать
bum,бомж
naturally,естественно
sexual,сексуальные
swing,качели
plastic,пластик
harmony,гармония
mutual,взаимное
rolling,прокатки
useful,полезным
shift,сдвиг
pink,розовый
county,округ
structure,структура
youth,молодежь
pickles,соленья
therefore,поэтому
whom,кому
nonresident,иногородним
pause,пауза
rotten,гнилой
potential,потенциал
bracket,кронштейн
darn,штопать
fridge,холодильник
therapist,терапевт
theatre,театр
assault,нападение
underneath,под
national,Национальный
publish,опубликовать
pigeon,голубь
ambulance,скорой помощи
highest,высокий
